{
"skeleton": { "hash": "cM3rhlq5likq/IKQSeNlg+bN7vM", "spine": "3.5.46", "width": 644, "height": 1019.45, "images": "" },
"bones": [
	{ "name": "root" },
	{ "name": "Base", "parent": "root", "x": 2, "y": 95, "color": "1c9b00ff" },
	{ "name": "Torso", "parent": "Base", "length": 193.34, "rotation": 90, "y": 29 },
	{ "name": "Head", "parent": "Torso", "length": 308.63, "rotation": 0.54, "x": 208.67 },
	{ "name": "RArm", "parent": "Torso", "length": 151.86, "rotation": -136.66, "x": 192.72, "y": -127.49 },
	{ "name": "Rleg", "parent": "Base", "length": 72.07, "rotation": -87.04, "x": 74.82, "y": 29.1 },
	{ "name": "bone", "parent": "Torso", "length": 129.35, "rotation": 127.81, "x": 185.07, "y": 148.03 },
	{ "name": "bone2", "parent": "Base", "length": 103.97, "rotation": -89.03, "x": -99.54, "y": 29.23, "color": "1c9b00ff" }
],
"slots": [
	{ "name": "images/Leg", "bone": "Rleg", "attachment": "images/Leg" },
	{ "name": "images/Leg2", "bone": "bone2", "attachment": "images/Leg" },
	{ "name": "images/Arm2", "bone": "bone", "attachment": "images/Arm" },
	{ "name": "images/Arm", "bone": "RArm", "attachment": "images/Arm" },
	{ "name": "images/Body", "bone": "Torso", "attachment": "images/Body" },
	{ "name": "images/Head", "bone": "Head", "attachment": "images/Head" }
],
"skins": {
	"default": {
		"images/Arm": {
			"images/Arm": { "x": 96.18, "y": -3.44, "rotation": 46.66, "width": 192, "height": 237 }
		},
		"images/Arm2": {
			"images/Arm": { "x": 73.24, "y": 13.79, "scaleX": -1, "rotation": 142.19, "width": 192, "height": 237 }
		},
		"images/Body": {
			"images/Body": { "x": 106.05, "rotation": -90, "width": 300, "height": 321 }
		},
		"images/Head": {
			"images/Head": { "x": 317.79, "y": -3, "rotation": -90.54, "width": 644, "height": 731 }
		},
		"images/Leg": {
			"images/Leg": { "x": 51.09, "y": -1.45, "rotation": 87.04, "width": 100, "height": 147 }
		},
		"images/Leg2": {
			"images/Leg": { "x": 54.32, "y": 7.05, "scaleX": -1, "rotation": 89.03, "width": 100, "height": 147 }
		}
	}
},
"animations": {
	"Idle": {
		"bones": {
			"bone": {
				"rotate": [
					{ "time": 0, "angle": 35.13 },
					{ "time": 0.5, "angle": 25.73 },
					{ "time": 1, "angle": 35.13 }
				]
			},
			"RArm": {
				"rotate": [
					{ "time": 0, "angle": -23.59 },
					{ "time": 0.5, "angle": -18.82 },
					{ "time": 1, "angle": -23.59 }
				]
			},
			"Torso": {
				"translate": [
					{ "time": 0, "x": 0, "y": 0 },
					{ "time": 0.5, "x": 0, "y": -6.44 },
					{ "time": 1, "x": 0, "y": 0 }
				]
			},
			"Head": {
				"rotate": [
					{ "time": 0, "angle": 0 },
					{ "time": 0.1, "angle": 1.44 },
					{ "time": 0.2, "angle": 0 },
					{ "time": 0.2667, "angle": 1.44 },
					{ "time": 0.3667, "angle": 0 },
					{ "time": 0.4333, "angle": 1.44 },
					{ "time": 0.5333, "angle": 0 },
					{ "time": 0.6, "angle": 1.44 },
					{ "time": 0.7, "angle": 0 },
					{ "time": 0.7667, "angle": 1.44 },
					{ "time": 0.8667, "angle": 0 },
					{ "time": 0.9333, "angle": 1.44 },
					{ "time": 1, "angle": 0 }
				],
				"translate": [
					{ "time": 0, "x": 0, "y": 0 },
					{ "time": 0.5, "x": -5.32, "y": 0 },
					{ "time": 1, "x": 0, "y": 0 }
				]
			}
		}
	},
	"Walk": {
		"bones": {
			"Base": {
				"translate": [
					{
						"time": 0,
						"x": 0,
						"y": 0,
						"curve": [ 0.25, 0, 0.75, 1 ]
					},
					{
						"time": 0.3333,
						"x": 0,
						"y": -14.31,
						"curve": [ 0.25, 0, 0.75, 1 ]
					},
					{ "time": 0.6667, "x": 0, "y": 0 }
				]
			},
			"bone2": {
				"translate": [
					{
						"time": 0,
						"x": 0,
						"y": -6.53,
						"curve": [ 0.25, 0, 0.75, 1 ]
					},
					{
						"time": 0.1667,
						"x": 0,
						"y": 50.09,
						"curve": [ 0.25, 0, 0.75, 1 ]
					},
					{ "time": 0.3333, "x": 0, "y": -6.53 },
					{
						"time": 0.5,
						"x": 0,
						"y": 50.09,
						"curve": [ 0.25, 0, 0.75, 1 ]
					},
					{ "time": 0.6667, "x": 0, "y": -6.53 }
				]
			},
			"Rleg": {
				"translate": [
					{
						"time": 0,
						"x": 0,
						"y": 30.49,
						"curve": [ 0.25, 0, 0.75, 1 ]
					},
					{
						"time": 0.1667,
						"x": 0,
						"y": 2.18,
						"curve": [ 0.25, 0, 0.75, 1 ]
					},
					{ "time": 0.3333, "x": 0, "y": 30.49 },
					{
						"time": 0.5,
						"x": 0,
						"y": 2.18,
						"curve": [ 0.25, 0, 0.75, 1 ]
					},
					{ "time": 0.6667, "x": 0, "y": 30.49 }
				]
			},
			"Head": {
				"rotate": [
					{
						"time": 0,
						"angle": 0,
						"curve": [ 0.324, 0, 0.657, 0.34 ]
					},
					{
						"time": 0.0667,
						"angle": 3.63,
						"curve": [ 0.315, 0.16, 0.649, 0.5 ]
					},
					{
						"time": 0.1333,
						"angle": -3.89,
						"curve": [ 0.318, 0.2, 0.652, 0.54 ]
					},
					{
						"time": 0.2,
						"angle": 3.63,
						"curve": [ 0.315, 0.16, 0.649, 0.5 ]
					},
					{
						"time": 0.2667,
						"angle": -3.89,
						"curve": [ 0.318, 0.2, 0.652, 0.54 ]
					},
					{
						"time": 0.3333,
						"angle": 0,
						"curve": [ 0.305, 0, 0.64, 0.36 ]
					},
					{
						"time": 0.4333,
						"angle": 3.63,
						"curve": [ 0.315, 0.16, 0.649, 0.5 ]
					},
					{
						"time": 0.5,
						"angle": -3.89,
						"curve": [ 0.318, 0.2, 0.652, 0.54 ]
					},
					{
						"time": 0.5667,
						"angle": 3.63,
						"curve": [ 0.315, 0.16, 0.649, 0.5 ]
					},
					{
						"time": 0.6333,
						"angle": -3.89,
						"curve": [ 0.318, 0.2, 0.652, 0.54 ]
					},
					{ "time": 0.6667, "angle": 0 }
				],
				"translate": [
					{
						"time": 0,
						"x": 0,
						"y": 0,
						"curve": [ 0.25, 0, 0.75, 1 ]
					},
					{
						"time": 0.3333,
						"x": -13.23,
						"y": 0,
						"curve": [ 0.25, 0, 0.75, 1 ]
					},
					{ "time": 0.6667, "x": 0, "y": 0 }
				]
			},
			"bone": {
				"rotate": [
					{
						"time": 0,
						"angle": 23.03,
						"curve": [ 0.25, 0, 0.75, 1 ]
					},
					{
						"time": 0.2667,
						"angle": 13.54,
						"curve": [ 0.25, 0, 0.75, 1 ]
					},
					{ "time": 0.6667, "angle": 23.03 }
				]
			},
			"RArm": {
				"rotate": [
					{
						"time": 0,
						"angle": -18.17,
						"curve": [ 0.25, 0, 0.75, 1 ]
					},
					{
						"time": 0.4,
						"angle": -30.22,
						"curve": [ 0.25, 0, 0.75, 1 ]
					},
					{ "time": 0.6667, "angle": -18.17 }
				]
			}
		}
	}
}
}